GEO.id,GEO.id2,GEO.display-label,HD01_VD01,HD02_VD01,HD01_VD03,HD02_VD03,HD01_VD04,HD02_VD04,HD01_VD05,HD02_VD05,HD01_VD06,HD02_VD06,HD01_VD07,HD02_VD07,HD01_VD08,HD02_VD08,HD01_VD09,HD02_VD09,HD01_VD10,HD02_VD10,HD01_VD11,HD02_VD11,HD01_VD12,HD02_VD12,HD01_VD13,HD02_VD13,HD01_VD14,HD02_VD14,HD01_VD15,HD02_VD15,HD01_VD16,HD02_VD16,HD01_VD17,HD02_VD17,HD01_VD18,HD02_VD18,HD01_VD19,HD02_VD19
Id,Id2,Geography,Estimate; Total:,Margin of Error; Total:,Estimate; Total: - Householder lived in owner-occupied housing units,Margin of Error; Total: - Householder lived in owner-occupied housing units,Estimate; Total: - Householder lived in renter-occupied housing units,Margin of Error; Total: - Householder lived in renter-occupied housing units,Estimate; Total: - Same house 1 year ago:,Margin of Error; Total: - Same house 1 year ago:,Estimate; Total: - Same house 1 year ago: - Householder lived in owner-occupied housing units,Margin of Error; Total: - Same house 1 year ago: - Householder lived in owner-occupied housing units,Estimate; Total: - Same house 1 year ago: - Householder lived in renter-occupied housing units,Margin of Error; Total: - Same house 1 year ago: - Householder lived in renter-occupied housing units,Estimate; Total: - Moved within same county:,Margin of Error; Total: - Moved within same county:,Estimate; Total: - Moved within same county: - Householder lived in owner-occupied housing units,Margin of Error; Total: - Moved within same county: - Householder lived in owner-occupied housing units,Estimate; Total: - Moved within same county: - Householder lived in renter-occupied housing units,Margin of Error; Total: - Moved within same county: - Householder lived in renter-occupied housing units,Estimate; Total: - Moved from different county within same state:,Margin of Error; Total: - Moved from different county within same state:,Estimate; Total: - Moved from different county within same state: - Householder lived in owner-occupied housing units,Margin of Error; Total: - Moved from different county within same state: - Householder lived in owner-occupied housing units,Estimate; Total: - Moved from different county within same state: - Householder lived in renter-occupied housing units,Margin of Error; Total: - Moved from different county within same state: - Householder lived in renter-occupied housing units,Estimate; Total: - Moved from different state:,Margin of Error; Total: - Moved from different state:,Estimate; Total: - Moved from different state: - Householder lived in owner-occupied housing units,Margin of Error; Total: - Moved from different state: - Householder lived in owner-occupied housing units,Estimate; Total: - Moved from different state: - Householder lived in renter-occupied housing units,Margin of Error; Total: - Moved from different state: - Householder lived in renter-occupied housing units,Estimate; Total: - Moved from abroad:,Margin of Error; Total: - Moved from abroad:,Estimate; Total: - Moved from abroad: - Householder lived in owner-occupied housing units,Margin of Error; Total: - Moved from abroad: - Householder lived in owner-occupied housing units,Estimate; Total: - Moved from abroad: - Householder lived in renter-occupied housing units,Margin of Error; Total: - Moved from abroad: - Householder lived in renter-occupied housing units
0500000US06001,06001,"Alameda County, California",1578306,1317,876019,7381,702287,7464,1378727,4424,814820,6837,563907,7157,104603,3624,31816,1642,72787,2985,52926,2225,17989,1069,34937,1985,22010,1523,5375,628,16635,1336,20040,1116,6019,621,14021,996
1400000US06001400100,06001400100,"Census Tract 4001, Alameda County, California",2953,189,2621,228,332,171,2418,228,2264,241,154,86,235,141,167,120,68,94,112,81,69,56,43,49,158,135,91,99,67,91,30,31,30,31,0,12
1400000US06001400200,06001400200,"Census Tract 4002, Alameda County, California",1889,89,1154,115,735,115,1694,112,1078,118,616,112,64,40,7,10,57,38,62,44,38,40,24,18,28,27,0,12,28,27,41,47,31,44,10,11
1400000US06001400300,06001400300,"Census Tract 4003, Alameda County, California",5050,303,2708,375,2342,360,4380,351,2543,364,1837,388,218,118,24,37,194,109,275,145,130,119,145,95,142,106,11,19,131,105,35,41,0,17,35,41
1400000US06001400400,06001400400,"Census Tract 4004, Alameda County, California",3820,232,1591,283,2229,344,3296,235,1509,272,1787,308,126,68,40,37,86,56,294,157,34,40,260,165,95,71,8,15,87,69,9,15,0,12,9,15
1400000US06001400500,06001400500,"Census Tract 4005, Alameda County, California",3864,308,1474,277,2390,341,3000,318,1406,282,1594,326,319,136,60,50,259,125,340,195,0,12,340,195,169,104,8,12,161,105,36,36,0,12,36,36
1400000US06001400600,06001400600,"Census Tract 4006, Alameda County, California",1580,174,886,187,694,140,1200,173,738,167,462,126,117,45,60,33,57,37,153,54,71,41,82,48,110,91,17,20,93,88,0,12,0,12,0,12
1400000US06001400700,06001400700,"Census Tract 4007, Alameda County, California",4753,487,1982,407,2771,509,4016,542,1836,403,2180,535,335,141,77,66,258,122,201,93,44,40,157,86,167,76,25,32,142,71,34,45,0,12,34,45
1400000US06001400800,06001400800,"Census Tract 4008, Alameda County, California",3665,363,1150,325,2515,505,3058,370,1094,316,1964,464,318,145,32,38,286,153,147,63,24,28,123,59,99,87,0,12,99,87,43,48,0,12,43,48
1400000US06001400900,06001400900,"Census Tract 4009, Alameda County, California",2377,189,814,171,1563,227,2097,214,755,169,1342,235,213,102,59,79,154,68,11,17,0,12,11,17,56,53,0,12,56,53,0,12,0,12,0,12
1400000US06001401000,06001401000,"Census Tract 4010, Alameda County, California",6210,474,2127,525,4083,606,5438,558,1990,513,3448,623,399,217,106,71,293,207,236,133,31,50,205,125,117,112,0,17,117,112,20,31,0,17,20,31
1400000US06001401100,06001401100,"Census Tract 4011, Alameda County, California",4072,315,1039,282,3033,402,2999,324,909,291,2090,344,506,175,27,36,479,173,320,151,61,84,259,134,220,176,42,58,178,171,27,44,0,12,27,44
1400000US06001401200,06001401200,"Census Tract 4012, Alameda County, California",2580,186,1143,209,1437,221,2140,207,1087,202,1053,241,283,149,41,40,242,148,100,51,15,17,85,47,57,69,0,12,57,69,0,12,0,12,0,12
1400000US06001401300,06001401300,"Census Tract 4013, Alameda County, California",3344,583,654,208,2690,568,2380,262,546,205,1834,268,550,423,34,37,516,422,228,90,21,26,207,88,141,71,28,32,113,60,45,49,25,38,20,28
1400000US06001401400,06001401400,"Census Tract 4014, Alameda County, California",3725,415,635,274,3090,407,3188,416,616,268,2572,399,374,147,19,31,355,143,106,76,0,12,106,76,26,29,0,12,26,29,31,36,0,12,31,36
1400000US06001401500,06001401500,"Census Tract 4015, Alameda County, California",2618,294,970,223,1648,278,1958,280,770,207,1188,263,334,154,95,61,239,143,293,99,99,69,194,75,7,10,0,12,7,10,26,26,6,9,20,24
1400000US06001401600,06001401600,"Census Tract 4016, Alameda County, California",2016,197,483,146,1533,226,1630,226,461,146,1169,223,239,145,4,8,235,146,113,72,12,14,101,70,11,12,6,9,5,8,23,28,0,12,23,28
1400000US06001401700,06001401700,"Census Tract 4017, Alameda County, California",2653,353,1312,301,1341,352,2299,355,1192,309,1107,322,185,159,46,40,139,150,159,99,74,44,85,90,10,15,0,12,10,15,0,12,0,12,0,12
1400000US06001401800,06001401800,"Census Tract 4018, Alameda County, California",1916,269,373,121,1543,268,1461,233,320,113,1141,231,252,128,27,28,225,125,103,56,26,26,77,51,93,85,0,12,93,85,7,12,0,12,7,12
1400000US06001402200,06001402200,"Census Tract 4022, Alameda County, California",2512,192,876,190,1636,236,2158,254,814,185,1344,269,192,131,10,9,182,127,106,57,43,41,63,37,35,27,0,12,35,27,21,24,9,13,12,20
1400000US06001402400,06001402400,"Census Tract 4024, Alameda County, California",2772,315,750,220,2022,261,2489,324,570,194,1919,251,147,70,85,46,62,50,105,48,64,50,41,41,31,31,31,31,0,12,0,12,0,12,0,12
1400000US06001402500,06001402500,"Census Tract 4025, Alameda County, California",1737,184,250,140,1487,187,1601,188,234,140,1367,185,105,49,9,15,96,48,31,25,7,12,24,22,0,12,0,12,0,12,0,12,0,12,0,12
1400000US06001402600,06001402600,"Census Tract 4026, Alameda County, California",1236,92,169,63,1067,95,1036,101,153,63,883,102,74,45,10,15,64,42,25,24,6,9,19,22,33,51,0,12,33,51,68,62,0,12,68,62
1400000US06001402700,06001402700,"Census Tract 4027, Alameda County, California",1805,206,429,139,1376,214,1251,215,393,134,858,199,303,112,10,11,293,111,210,72,18,19,192,68,41,29,8,11,33,26,0,12,0,12,0,12
1400000US06001402800,06001402800,"Census Tract 4028, Alameda County, California",3900,270,289,129,3611,266,2491,335,167,109,2324,321,660,208,70,52,590,205,596,217,52,60,544,218,127,110,0,12,127,110,26,31,0,12,26,31
1400000US06001402900,06001402900,"Census Tract 4029, Alameda County, California",1294,94,21,30,1273,89,1092,100,21,30,1071,99,71,40,0,12,71,40,77,46,0,12,77,46,42,29,0,12,42,29,12,17,0,12,12,17
1400000US06001403000,06001403000,"Census Tract 4030, Alameda County, California",3148,235,804,245,2344,265,2748,278,710,240,2038,283,185,118,68,55,117,110,64,81,0,12,64,81,0,12,0,12,0,12,151,99,26,41,125,105
1400000US06001403100,06001403100,"Census Tract 4031, Alameda County, California",1281,86,362,94,919,107,1074,107,334,97,740,119,95,47,16,18,79,45,42,32,0,12,42,32,54,37,12,16,42,34,16,25,0,12,16,25
1400000US06001403300,06001403300,"Census Tract 4033, Alameda County, California",4728,421,643,204,4085,469,3727,481,568,184,3159,502,407,220,16,26,391,219,122,91,0,12,122,91,370,188,59,93,311,164,102,119,0,12,102,119
1400000US06001403400,06001403400,"Census Tract 4034, Alameda County, California",4360,350,394,136,3966,349,3344,383,346,133,2998,373,260,143,10,17,250,142,523,184,38,45,485,181,226,124,0,12,226,124,7,12,0,12,7,12
1400000US06001403501,06001403501,"Census Tract 4035.01, Alameda County, California",4642,328,716,270,3926,425,3781,408,666,257,3115,461,447,208,0,12,447,208,284,129,50,58,234,115,118,82,0,12,118,82,12,20,0,12,12,20
1400000US06001403502,06001403502,"Census Tract 4035.02, Alameda County, California",2043,229,376,140,1667,227,1539,212,229,95,1310,215,235,119,77,72,158,99,156,85,35,39,121,76,106,81,35,38,71,69,7,13,0,12,7,13
1400000US06001403600,06001403600,"Census Tract 4036, Alameda County, California",4889,471,554,149,4335,504,3761,472,527,148,3234,500,569,246,13,22,556,247,215,126,0,17,215,126,155,159,0,17,155,159,189,203,14,25,175,203
1400000US06001403701,06001403701,"Census Tract 4037.01, Alameda County, California",2751,178,405,148,2346,183,2444,193,343,126,2101,194,148,76,32,25,116,71,75,56,0,12,75,56,84,48,30,28,54,38,0,12,0,12,0,12
1400000US06001403702,06001403702,"Census Tract 4037.02, Alameda County, California",1901,232,385,134,1516,258,1681,256,367,128,1314,243,64,90,0,12,64,90,107,68,18,32,89,66,32,37,0,12,32,37,17,30,0,12,17,30
1400000US06001403800,06001403800,"Census Tract 4038, Alameda County, California",3236,226,1151,182,2085,233,2727,218,1088,181,1639,201,229,139,18,29,211,138,191,117,45,74,146,83,80,55,0,12,80,55,9,14,0,12,9,14
1400000US06001403900,06001403900,"Census Tract 4039, Alameda County, California",3897,304,1530,279,2367,372,3006,399,1495,288,1511,301,593,300,11,17,582,299,221,145,24,43,197,143,54,57,0,12,54,57,23,40,0,12,23,40
1400000US06001404000,06001404000,"Census Tract 4040, Alameda County, California",3000,230,866,176,2134,242,2513,181,815,158,1698,188,227,117,20,24,207,117,33,26,0,12,33,26,157,127,0,12,157,127,70,62,31,50,39,38
1400000US06001404101,06001404101,"Census Tract 4041.01, Alameda County, California",2987,228,1188,279,1799,251,2597,236,1091,268,1506,236,152,96,18,31,134,96,153,77,42,43,111,61,20,22,0,12,20,22,65,65,37,57,28,31
1400000US06001404102,06001404102,"Census Tract 4041.02, Alameda County, California",2264,146,418,138,1846,156,1830,198,398,135,1432,194,210,95,0,12,210,95,138,76,20,21,118,75,76,50,0,12,76,50,10,15,0,12,10,15
1400000US06001404200,06001404200,"Census Tract 4042, Alameda County, California",3383,200,2695,263,688,197,2902,241,2430,244,472,161,187,138,89,112,98,85,222,152,126,122,96,96,34,34,34,34,0,12,38,38,16,26,22,28
1400000US06001404300,06001404300,"Census Tract 4043, Alameda County, California",3269,221,2773,185,496,190,2946,219,2559,203,387,181,88,70,55,58,33,39,183,101,117,86,66,45,40,30,30,26,10,14,12,18,12,18,0,12
1400000US06001404400,06001404400,"Census Tract 4044, Alameda County, California",5408,243,4764,324,644,293,4912,249,4522,294,390,263,165,118,60,66,105,106,125,86,97,71,28,47,110,80,45,52,65,61,96,110,40,64,56,92
1400000US06001404501,06001404501,"Census Tract 4045.01, Alameda County, California",1836,98,1613,130,223,111,1642,114,1424,130,218,113,127,97,127,97,0,12,42,35,42,35,0,12,14,16,14,16,0,12,11,12,6,9,5,8
1400000US06001404502,06001404502,"Census Tract 4045.02, Alameda County, California",5499,301,4776,304,723,355,4976,283,4545,318,431,227,345,319,123,99,222,326,178,149,108,123,70,72,0,17,0,17,0,17,0,17,0,17,0,17
1400000US06001404600,06001404600,"Census Tract 4046, Alameda County, California",4494,259,4148,279,346,206,3893,321,3656,314,237,188,375,149,266,142,109,88,146,86,146,86,0,12,31,44,31,44,0,12,49,74,49,74,0,12
1400000US06001404700,06001404700,"Census Tract 4047, Alameda County, California",2059,128,1764,145,295,181,1748,176,1532,134,216,171,98,78,55,61,43,53,117,84,81,63,36,57,69,39,69,39,0,12,27,26,27,26,0,12
1400000US06001404800,06001404800,"Census Tract 4048, Alameda County, California",2712,219,1506,211,1206,300,2370,206,1431,205,939,266,252,208,43,34,209,200,90,66,32,38,58,58,0,12,0,12,0,12,0,12,0,12,0,12
1400000US06001404900,06001404900,"Census Tract 4049, Alameda County, California",3881,186,2656,276,1225,263,3515,194,2555,271,960,221,202,112,19,21,183,111,102,64,54,51,48,41,32,36,11,18,21,31,30,33,17,27,13,21
1400000US06001405000,06001405000,"Census Tract 4050, Alameda County, California",3234,201,2356,231,878,189,2851,226,2185,235,666,154,164,95,121,84,43,45,166,102,25,37,141,96,32,31,19,24,13,21,21,26,6,11,15,24
1400000US06001405100,06001405100,"Census Tract 4051, Alameda County, California",4146,183,3894,188,252,112,3685,223,3487,234,198,98,219,174,165,166,54,52,168,90,168,90,0,12,74,53,74,53,0,12,0,12,0,12,0,12
1400000US06001405200,06001405200,"Census Tract 4052, Alameda County, California",5070,390,1817,351,3253,441,4633,383,1773,343,2860,434,156,109,16,26,140,105,194,124,10,17,184,122,55,51,0,17,55,51,32,38,18,31,14,22
1400000US06001405301,06001405301,"Census Tract 4053.01, Alameda County, California",2952,213,338,115,2614,245,2463,219,338,115,2125,228,176,85,0,12,176,85,167,103,0,12,167,103,92,51,0,12,92,51,54,34,0,12,54,34
1400000US06001405302,06001405302,"Census Tract 4053.02, Alameda County, California",2425,179,251,168,2174,189,2077,204,244,168,1833,210,143,70,0,12,143,70,124,60,0,12,124,60,64,48,7,10,57,49,17,19,0,12,17,19
1400000US06001405401,06001405401,"Census Tract 4054.01, Alameda County, California",3908,367,749,316,3159,347,3366,347,728,306,2638,336,300,135,0,12,300,135,75,53,0,12,75,53,86,71,0,12,86,71,81,79,21,31,60,74
1400000US06001405402,06001405402,"Census Tract 4054.02, Alameda County, California",3164,403,260,194,2904,372,2521,356,260,194,2261,325,508,274,0,12,508,274,94,65,0,12,94,65,0,12,0,12,0,12,41,58,0,12,41,58
1400000US06001405500,06001405500,"Census Tract 4055, Alameda County, California",4079,281,1020,341,3059,399,3460,361,925,314,2535,402,332,175,0,12,332,175,68,44,23,34,45,36,133,96,16,25,117,94,86,81,56,71,30,34
1400000US06001405600,06001405600,"Census Tract 4056, Alameda County, California",3107,335,1281,344,1826,323,2787,370,1204,336,1583,336,195,88,19,20,176,89,125,85,58,64,67,55,0,12,0,12,0,12,0,12,0,12,0,12
1400000US06001405700,06001405700,"Census Tract 4057, Alameda County, California",3711,455,1080,367,2631,558,3265,395,1014,349,2251,489,257,204,0,12,257,204,123,97,0,12,123,97,23,29,23,29,0,12,43,44,43,44,0,12
1400000US06001405800,06001405800,"Census Tract 4058, Alameda County, California",4445,440,1652,350,2793,504,3957,388,1530,328,2427,461,223,152,34,30,189,147,102,82,14,20,88,78,62,49,55,48,7,12,101,100,19,30,82,94
1400000US06001405901,06001405901,"Census Tract 4059.01, Alameda County, California",4525,416,1722,396,2803,399,4191,458,1649,376,2542,429,220,142,45,47,175,135,21,17,12,18,9,14,24,37,0,12,24,37,69,64,16,26,53,62
1400000US06001405902,06001405902,"Census Tract 4059.02, Alameda County, California",3061,285,770,216,2291,297,2724,291,704,204,2020,302,119,55,47,27,72,52,34,24,0,12,34,24,27,29,0,12,27,29,157,129,19,28,138,127
1400000US06001406000,06001406000,"Census Tract 4060, Alameda County, California",3154,376,303,185,2851,344,2681,382,255,154,2426,359,166,118,48,54,118,103,195,118,0,12,195,118,75,54,0,12,75,54,37,43,0,12,37,43
1400000US06001406100,06001406100,"Census Tract 4061, Alameda County, California",4600,520,1238,417,3362,613,3836,556,1086,363,2750,615,563,317,74,73,489,304,109,69,42,43,67,57,76,46,36,32,40,40,16,20,0,12,16,20
1400000US06001406201,06001406201,"Census Tract 4062.01, Alameda County, California",4260,465,919,328,3341,405,3338,521,778,262,2560,440,505,194,67,63,438,192,179,95,21,24,158,96,73,48,0,12,73,48,165,130,53,63,112,112
1400000US06001406202,06001406202,"Census Tract 4062.02, Alameda County, California",4239,374,418,246,3821,382,3630,386,278,164,3352,384,360,192,77,85,283,171,124,100,63,76,61,63,39,46,0,12,39,46,86,78,0,12,86,78
1400000US06001406300,06001406300,"Census Tract 4063, Alameda County, California",4015,355,1331,322,2684,427,3574,389,1242,322,2332,434,138,81,43,33,95,75,237,197,33,35,204,188,41,40,13,20,28,34,25,27,0,12,25,27
1400000US06001406400,06001406400,"Census Tract 4064, Alameda County, California",2052,231,909,233,1143,257,1830,214,847,236,983,223,63,43,10,14,53,41,79,65,11,18,68,64,80,68,41,55,39,38,0,12,0,12,0,12
1400000US06001406500,06001406500,"Census Tract 4065, Alameda County, California",6017,640,1956,398,4061,616,5373,591,1894,405,3479,550,466,274,41,31,425,273,141,84,17,27,124,87,9,13,0,17,9,13,28,38,4,7,24,37
1400000US06001406601,06001406601,"Census Tract 4066.01, Alameda County, California",5105,417,1914,364,3191,495,4722,432,1767,329,2955,506,255,144,97,91,158,117,118,91,50,64,68,64,10,16,0,17,10,16,0,17,0,17,0,17
1400000US06001406602,06001406602,"Census Tract 4066.02, Alameda County, California",2761,308,1069,318,1692,254,2418,314,983,281,1435,271,139,91,43,66,96,61,94,51,18,19,76,48,43,46,0,12,43,46,67,56,25,25,42,52
1400000US06001406700,06001406700,"Census Tract 4067, Alameda County, California",4925,388,3336,506,1589,498,4249,450,3035,439,1214,473,402,263,167,158,235,199,211,187,134,168,77,82,63,100,0,12,63,100,0,12,0,12,0,12
1400000US06001406800,06001406800,"Census Tract 4068, Alameda County, California",3551,302,2208,324,1343,332,3108,306,1934,308,1174,325,193,104,99,78,94,77,201,111,158,114,43,37,40,40,8,12,32,38,9,15,9,15,0,12
1400000US06001406900,06001406900,"Census Tract 4069, Alameda County, California",3848,307,2066,273,1782,297,3224,314,1972,266,1252,297,292,143,69,45,223,139,144,143,0,12,144,143,175,210,12,19,163,200,13,20,13,20,0,12
1400000US06001407000,06001407000,"Census Tract 4070, Alameda County, California",5837,793,2949,682,2888,673,4788,631,2677,653,2111,494,231,130,142,93,89,84,431,427,73,71,358,422,235,176,57,57,178,176,152,255,0,17,152,255
1400000US06001407101,06001407101,"Census Tract 4071.01, Alameda County, California",3394,304,1315,398,2079,401,2870,334,1315,398,1555,394,477,260,0,12,477,260,16,24,0,12,16,24,31,47,0,12,31,47,0,12,0,12,0,12
1400000US06001407102,06001407102,"Census Tract 4071.02, Alameda County, California",4072,475,2145,395,1927,488,3400,418,1922,361,1478,370,424,267,132,86,292,270,127,85,57,56,70,70,32,35,22,30,10,16,89,85,12,19,77,83
1400000US06001407200,06001407200,"Census Tract 4072, Alameda County, California",6747,737,1676,586,5071,686,5677,792,1476,492,4201,765,677,279,117,74,560,274,193,113,68,89,125,94,53,82,0,17,53,82,147,133,15,23,132,131
1400000US06001407300,06001407300,"Census Tract 4073, Alameda County, California",2452,259,771,242,1681,241,1855,223,605,185,1250,201,481,189,155,135,326,154,71,48,11,13,60,46,20,25,0,12,20,25,25,39,0,12,25,39
1400000US06001407400,06001407400,"Census Tract 4074, Alameda County, California",4087,407,1335,360,2752,425,3183,460,1225,344,1958,346,605,285,85,67,520,275,125,185,11,19,114,184,113,175,0,12,113,175,61,80,14,22,47,77
1400000US06001407500,06001407500,"Census Tract 4075, Alameda County, California",4253,477,1153,421,3100,634,3910,536,1144,414,2766,664,246,168,0,12,246,168,85,80,9,17,76,80,0,12,0,12,0,12,12,21,0,12,12,21
1400000US06001407600,06001407600,"Census Tract 4076, Alameda County, California",6288,745,3626,936,2662,692,5491,842,3429,856,2062,655,582,386,51,83,531,383,215,163,146,137,69,86,0,17,0,17,0,17,0,17,0,17,0,17
1400000US06001407700,06001407700,"Census Tract 4077, Alameda County, California",4166,322,3094,360,1072,353,3697,301,2831,335,866,323,322,181,192,109,130,148,39,29,31,27,8,13,100,66,32,38,68,57,8,12,8,12,0,12
1400000US06001407800,06001407800,"Census Tract 4078, Alameda County, California",1889,146,1406,163,483,142,1786,131,1360,156,426,130,60,44,30,31,30,32,43,48,16,23,27,43,0,12,0,12,0,12,0,12,0,12,0,12
1400000US06001407900,06001407900,"Census Tract 4079, Alameda County, California",2884,207,2326,263,558,184,2519,247,2147,270,372,149,199,113,101,63,98,92,144,81,78,55,66,64,22,33,0,12,22,33,0,12,0,12,0,12
1400000US06001408000,06001408000,"Census Tract 4080, Alameda County, California",2270,161,1919,197,351,137,2076,166,1771,189,305,138,88,53,75,49,13,20,67,65,57,64,10,15,34,35,11,17,23,30,5,8,5,8,0,12
1400000US06001408100,06001408100,"Census Tract 4081, Alameda County, California",6298,562,5420,583,878,284,5964,532,5224,520,740,285,159,117,134,106,25,42,100,108,45,67,55,93,75,82,17,48,58,65,0,17,0,17,0,17
1400000US06001408200,06001408200,"Census Tract 4082, Alameda County, California",4447,437,2131,429,2316,418,3987,455,1875,380,2112,406,268,121,136,101,132,110,184,102,112,92,72,49,0,12,0,12,0,12,8,14,8,14,0,12
1400000US06001408300,06001408300,"Census Tract 4083, Alameda County, California",5118,319,3190,380,1928,414,4703,328,2942,378,1761,384,319,139,185,96,134,94,54,45,21,24,33,39,42,42,42,42,0,17,0,17,0,17,0,17
1400000US06001408400,06001408400,"Census Tract 4084, Alameda County, California",3282,416,987,396,2295,418,2840,364,930,380,1910,378,314,252,0,12,314,252,52,50,23,33,29,40,51,68,9,25,42,66,25,39,25,39,0,12
1400000US06001408500,06001408500,"Census Tract 4085, Alameda County, California",5777,481,1648,409,4129,587,4975,525,1452,403,3523,623,692,287,191,136,501,230,97,117,0,17,97,117,5,16,5,16,0,17,8,13,0,17,8,13
1400000US06001408600,06001408600,"Census Tract 4086, Alameda County, California",6484,726,2712,807,3772,658,5142,621,2167,733,2975,565,958,488,445,339,513,405,349,226,78,73,271,222,13,21,0,17,13,21,22,28,22,28,0,17
1400000US06001408700,06001408700,"Census Tract 4087, Alameda County, California",7637,721,2185,577,5452,974,6549,743,2015,534,4534,915,887,593,143,139,744,571,116,104,27,46,89,93,85,86,0,17,85,86,0,17,0,17,0,17
1400000US06001408800,06001408800,"Census Tract 4088, Alameda County, California",6154,680,1399,525,4755,695,5382,697,1399,525,3983,657,526,246,0,17,526,246,202,189,0,17,202,189,0,17,0,17,0,17,44,54,0,17,44,54
1400000US06001408900,06001408900,"Census Tract 4089, Alameda County, California",2848,256,998,212,1850,226,2376,276,931,208,1445,228,347,153,60,45,287,145,56,46,7,10,49,47,47,61,0,12,47,61,22,24,0,12,22,24
1400000US06001409000,06001409000,"Census Tract 4090, Alameda County, California",3671,353,1866,416,1805,340,3101,349,1647,374,1454,308,490,253,219,161,271,198,22,25,0,12,22,25,0,12,0,12,0,12,58,92,0,12,58,92
1400000US06001409100,06001409100,"Census Tract 4091, Alameda County, California",2164,311,1394,258,770,236,1979,304,1238,246,741,223,151,84,122,77,29,36,34,24,34,24,0,12,0,12,0,12,0,12,0,12,0,12,0,12
1400000US06001409200,06001409200,"Census Tract 4092, Alameda County, California",3580,259,1570,279,2010,353,3297,297,1537,268,1760,349,170,109,16,18,154,107,113,135,17,19,96,135,0,12,0,12,0,12,0,12,0,12,0,12
1400000US06001409300,06001409300,"Census Tract 4093, Alameda County, California",4910,473,1899,420,3011,577,4214,422,1839,410,2375,553,583,326,45,61,538,305,34,34,15,18,19,29,8,12,0,17,8,12,71,112,0,17,71,112
1400000US06001409400,06001409400,"Census Tract 4094, Alameda County, California",5182,495,1813,417,3369,536,4430,548,1639,387,2791,486,392,196,132,103,260,176,209,204,0,17,209,204,42,46,28,42,14,21,109,132,14,23,95,129
1400000US06001409500,06001409500,"Census Tract 4095, Alameda County, California",4484,340,1164,266,3320,433,3844,356,1085,250,2759,401,487,315,26,23,461,317,88,44,37,30,51,37,41,33,9,13,32,30,24,22,7,10,17,20
1400000US06001409600,06001409600,"Census Tract 4096, Alameda County, California",4584,530,1466,501,3118,544,3896,574,1400,486,2496,485,547,346,55,51,492,336,116,100,11,17,105,100,0,12,0,12,0,12,25,41,0,12,25,41
1400000US06001409700,06001409700,"Census Tract 4097, Alameda County, California",5276,609,1558,457,3718,612,4696,598,1522,455,3174,599,385,239,9,14,376,244,47,45,19,34,28,28,69,100,8,14,61,99,79,108,0,17,79,108
1400000US06001409800,06001409800,"Census Tract 4098, Alameda County, California",3416,379,1838,434,1578,394,2957,412,1781,426,1176,328,257,205,3,9,254,203,202,166,54,81,148,152,0,12,0,12,0,12,0,12,0,12,0,12
1400000US06001409900,06001409900,"Census Tract 4099, Alameda County, California",3365,301,2941,293,424,210,2991,307,2662,288,329,203,205,104,171,105,34,42,142,91,108,86,34,35,27,38,0,12,27,38,0,12,0,12,0,12
1400000US06001410000,06001410000,"Census Tract 4100, Alameda County, California",3520,369,3188,350,332,269,3277,411,2945,381,332,269,131,83,131,83,0,12,102,82,102,82,0,12,10,17,10,17,0,12,0,12,0,12,0,12
1400000US06001410100,06001410100,"Census Tract 4101, Alameda County, California",2748,253,1625,282,1123,263,2270,267,1317,258,953,259,233,100,122,76,111,65,202,121,157,115,45,36,14,20,0,12,14,20,29,38,29,38,0,12
1400000US06001410200,06001410200,"Census Tract 4102, Alameda County, California",3265,412,1597,425,1668,346,2695,452,1543,432,1152,317,401,237,6,17,395,238,141,147,20,31,121,147,28,33,28,33,0,12,0,12,0,12,0,12
1400000US06001410300,06001410300,"Census Tract 4103, Alameda County, California",3545,344,1147,242,2398,384,3257,333,1043,225,2214,371,225,137,87,100,138,100,39,39,8,12,31,33,0,12,0,12,0,12,24,25,9,14,15,21
1400000US06001410400,06001410400,"Census Tract 4104, Alameda County, California",4089,381,2414,357,1675,325,3716,455,2227,357,1489,319,256,150,114,98,142,116,87,89,50,79,37,41,23,36,23,36,0,12,7,12,0,12,7,12
1400000US06001410500,06001410500,"Census Tract 4105, Alameda County, California",2180,203,293,134,1887,215,1905,229,277,128,1628,241,141,82,8,12,133,82,126,90,0,12,126,90,8,11,8,11,0,12,0,12,0,12,0,12
1400000US06001420100,06001420100,"Census Tract 4201, Alameda County, California",2414,127,1709,170,705,152,2017,153,1523,183,494,122,210,87,80,54,130,71,125,62,62,39,63,54,30,23,20,18,10,13,32,41,24,39,8,12
1400000US06001420200,06001420200,"Census Tract 4202, Alameda County, California",3140,291,1614,357,1526,215,2604,320,1442,327,1162,238,167,123,52,83,115,92,267,142,102,119,165,106,81,63,16,27,65,55,21,31,2,6,19,30
1400000US06001420300,06001420300,"Census Tract 4203, Alameda County, California",4859,368,2370,586,2489,583,4222,425,2241,572,1981,548,178,147,26,45,152,132,253,170,11,18,242,169,0,12,0,12,0,12,206,143,92,103,114,109
1400000US06001420400,06001420400,"Census Tract 4204, Alameda County, California",3126,204,0,12,3126,204,1814,304,0,12,1814,304,308,186,0,12,308,186,519,198,0,12,519,198,72,50,0,12,72,50,413,155,0,12,413,155
1400000US06001420500,06001420500,"Census Tract 4205, Alameda County, California",2443,154,1240,197,1203,187,2279,168,1205,191,1074,191,98,58,0,12,98,58,36,35,25,31,11,17,22,23,10,15,12,17,8,13,0,12,8,13
1400000US06001420600,06001420600,"Census Tract 4206, Alameda County, California",3270,223,2716,312,554,200,3073,233,2585,312,488,182,146,111,90,89,56,71,41,48,41,48,0,12,0,12,0,12,0,12,10,15,0,12,10,15
1400000US06001421100,06001421100,"Census Tract 4211, Alameda County, California",2075,171,1862,160,213,105,1904,164,1778,166,126,73,74,54,66,53,8,11,5,8,5,8,0,12,55,48,13,18,42,44,37,48,0,12,37,48
1400000US06001421200,06001421200,"Census Tract 4212, Alameda County, California",3627,165,3261,193,366,127,3115,213,2857,201,258,108,141,90,50,64,91,72,278,180,278,180,0,12,63,43,46,31,17,26,30,47,30,47,0,12
1400000US06001421300,06001421300,"Census Tract 4213, Alameda County, California",3906,284,3129,304,777,210,3613,296,2936,313,677,197,78,59,70,57,8,14,113,69,89,64,24,27,10,15,10,15,0,12,92,67,24,26,68,62
1400000US06001421400,06001421400,"Census Tract 4214, Alameda County, California",1703,126,1473,136,230,102,1464,137,1313,133,151,76,130,80,115,75,15,22,83,60,24,28,59,52,6,9,6,9,0,12,20,19,15,18,5,7
1400000US06001421500,06001421500,"Census Tract 4215, Alameda County, California",3760,258,3143,232,617,213,3279,257,2912,238,367,165,270,150,140,108,130,102,77,46,65,44,12,18,84,73,13,18,71,74,50,39,13,19,37,36
1400000US06001421600,06001421600,"Census Tract 4216, Alameda County, California",3493,345,2569,339,924,280,2801,291,2188,286,613,226,263,136,106,76,157,101,191,117,156,109,35,39,109,74,91,71,18,19,129,91,28,29,101,89
1400000US06001421700,06001421700,"Census Tract 4217, Alameda County, California",3483,226,1631,261,1852,301,2715,204,1511,274,1204,243,295,131,73,71,222,130,147,92,15,21,132,87,135,70,8,12,127,69,191,146,24,38,167,139
1400000US06001421800,06001421800,"Census Tract 4218, Alameda County, California",2200,104,1575,159,625,142,1879,129,1435,157,444,125,132,64,70,47,62,38,72,40,29,28,43,27,65,41,33,28,32,34,52,45,8,12,44,42
1400000US06001421900,06001421900,"Census Tract 4219, Alameda County, California",3924,318,2421,299,1503,334,3335,286,2172,294,1163,258,85,57,25,31,60,46,325,255,93,54,232,251,89,70,71,69,18,19,90,68,60,73,30,38
1400000US06001422000,06001422000,"Census Tract 4220, Alameda County, California",1769,134,436,116,1333,151,1511,130,392,107,1119,150,128,60,19,21,109,54,58,46,10,16,48,38,62,36,15,16,47,33,10,12,0,12,10,12
1400000US06001422100,06001422100,"Census Tract 4221, Alameda County, California",2609,281,1524,332,1085,234,2331,246,1477,319,854,215,130,103,15,18,115,100,84,102,0,12,84,102,45,34,18,23,27,26,19,24,14,22,5,8
1400000US06001422200,06001422200,"Census Tract 4222, Alameda County, California",3489,254,1906,335,1583,288,2858,255,1680,320,1178,241,244,124,130,93,114,84,245,111,96,78,149,83,69,61,0,12,69,61,73,75,0,12,73,75
1400000US06001422300,06001422300,"Census Tract 4223, Alameda County, California",3847,380,1416,373,2431,315,3163,390,1342,359,1821,269,244,113,0,12,244,113,233,88,21,30,212,80,56,41,12,18,44,37,151,108,41,64,110,90
1400000US06001422400,06001422400,"Census Tract 4224, Alameda County, California",4176,349,630,230,3546,392,2804,340,593,213,2211,366,430,219,0,12,430,219,480,371,21,33,459,368,246,220,16,24,230,215,216,214,0,12,216,214
1400000US06001422500,06001422500,"Census Tract 4225, Alameda County, California",3052,286,563,116,2489,329,1971,246,508,106,1463,279,432,124,0,12,432,124,245,95,0,12,245,95,200,102,44,49,156,84,204,103,11,17,193,101
1400000US06001422600,06001422600,"Census Tract 4226, Alameda County, California",96,82,96,82,0,12,90,79,90,79,0,12,0,12,0,12,0,12,0,12,0,12,0,12,6,8,6,8,0,12,0,12,0,12,0,12
1400000US06001422700,06001422700,"Census Tract 4227, Alameda County, California",2830,413,388,82,2442,414,1271,247,309,63,962,246,698,288,41,2,657,288,483,188,10,16,473,187,198,79,19,16,179,76,180,126,9,14,171,125
1400000US06001422800,06001422800,"Census Tract 4228, Alameda County, California",3213,414,57,50,3156,432,1459,250,57,50,1402,264,1035,332,0,17,1035,332,374,194,0,17,374,194,173,102,0,17,173,102,172,130,0,17,172,130
1400000US06001422900,06001422900,"Census Tract 4229, Alameda County, California",4963,763,449,565,4514,540,2456,603,433,539,2023,428,1275,342,16,27,1259,344,641,356,0,17,641,356,177,127,0,17,177,127,414,255,0,17,414,255
1400000US06001423000,06001423000,"Census Tract 4230, Alameda County, California",4527,447,2041,286,2486,460,3310,380,1935,295,1375,342,333,148,46,54,287,139,323,155,60,70,263,143,266,257,0,12,266,257,295,218,0,12,295,218
1400000US06001423100,06001423100,"Census Tract 4231, Alameda County, California",4220,252,1810,339,2410,319,3303,321,1652,328,1651,283,320,144,81,88,239,118,313,128,77,63,236,113,151,115,0,12,151,115,133,79,0,12,133,79
1400000US06001423200,06001423200,"Census Tract 4232, Alameda County, California",3047,340,1010,275,2037,359,2306,348,844,187,1462,321,553,263,139,121,414,269,90,75,0,12,90,75,57,44,27,25,30,34,41,50,0,12,41,50
1400000US06001423300,06001423300,"Census Tract 4233, Alameda County, California",4044,423,2449,475,1595,292,3428,461,2184,470,1244,280,234,139,108,81,126,116,251,171,104,99,147,152,112,61,41,44,71,51,19,22,12,19,7,12
1400000US06001423400,06001423400,"Census Tract 4234, Alameda County, California",5275,538,2618,608,2657,513,4140,489,2342,522,1798,443,547,326,105,124,442,299,220,230,0,17,220,230,242,202,171,199,71,54,126,137,0,17,126,137
1400000US06001423500,06001423500,"Census Tract 4235, Alameda County, California",3098,288,1025,192,2073,333,2789,248,997,192,1792,294,151,102,0,12,151,102,50,46,12,22,38,41,55,33,16,20,39,28,53,48,0,12,53,48
1400000US06001423601,06001423601,"Census Tract 4236.01, Alameda County, California",2768,274,1233,236,1535,284,1977,256,1073,220,904,181,325,106,102,80,223,88,274,203,31,27,243,206,171,101,27,44,144,90,21,19,0,12,21,19
1400000US06001423602,06001423602,"Census Tract 4236.02, Alameda County, California",5136,900,436,146,4700,913,3041,635,413,140,2628,643,1339,656,23,37,1316,655,550,194,0,17,550,194,127,127,0,17,127,127,79,84,0,17,79,84
1400000US06001423700,06001423700,"Census Tract 4237, Alameda County, California",3314,656,1293,174,2021,699,2252,226,1195,177,1057,218,657,529,53,62,604,529,164,147,16,19,148,146,122,74,17,21,105,73,119,87,12,20,107,81
1400000US06001423800,06001423800,"Census Tract 4238, Alameda County, California",2894,241,2453,218,441,151,2598,242,2248,221,350,139,170,91,121,86,49,39,99,70,84,72,15,23,0,12,0,12,0,12,27,34,0,12,27,34
1400000US06001423901,06001423901,"Census Tract 4239.01, Alameda County, California",1958,168,956,178,1002,151,1593,156,888,155,705,137,108,61,9,14,99,59,108,69,0,12,108,69,82,47,10,14,72,46,67,48,49,46,18,16
1400000US06001423902,06001423902,"Census Tract 4239.02, Alameda County, California",1479,135,635,123,844,127,1292,126,606,116,686,128,69,37,0,12,69,37,56,34,13,13,43,31,50,33,16,18,34,27,12,12,0,12,12,12
1400000US06001424001,06001424001,"Census Tract 4240.01, Alameda County, California",4209,284,1408,281,2801,283,3499,296,1225,258,2274,262,295,140,61,55,234,132,221,121,110,71,111,83,147,87,0,12,147,87,47,41,12,19,35,36
1400000US06001424002,06001424002,"Census Tract 4240.02, Alameda County, California",2476,256,1271,254,1205,237,2223,269,1180,248,1043,223,136,62,70,49,66,41,77,52,21,25,56,43,40,43,0,12,40,43,0,12,0,12,0,12
1400000US06001425101,06001425101,"Census Tract 4251.01, Alameda County, California",1738,166,779,131,959,198,1387,167,707,117,680,156,76,43,20,22,56,37,155,161,19,30,136,159,72,56,23,25,49,48,48,42,10,19,38,37
1400000US06001425102,06001425102,"Census Tract 4251.02, Alameda County, California",3469,226,975,203,2494,251,2028,254,855,188,1173,232,558,198,51,41,507,193,460,171,59,45,401,173,322,126,0,12,322,126,101,90,10,18,91,88
1400000US06001425103,06001425103,"Census Tract 4251.03, Alameda County, California",2837,202,1052,209,1785,265,1845,207,912,190,933,215,418,161,39,48,379,160,459,178,79,68,380,170,87,56,22,34,65,45,28,44,0,12,28,44
1400000US06001425104,06001425104,"Census Tract 4251.04, Alameda County, California",3367,256,1031,186,2336,234,2664,321,897,183,1767,295,277,125,72,56,205,106,269,134,42,35,227,128,119,70,0,12,119,70,38,35,20,29,18,20
1400000US06001426100,06001426100,"Census Tract 4261, Alameda County, California",6283,209,5667,304,616,390,5682,289,5250,322,432,247,399,262,263,187,136,200,88,101,88,101,0,17,114,93,66,64,48,70,0,17,0,17,0,17
1400000US06001426200,06001426200,"Census Tract 4262, Alameda County, California",4919,205,4032,308,887,304,4465,255,3744,313,721,280,214,111,107,90,107,67,126,87,101,85,25,28,71,88,37,68,34,36,43,33,43,33,0,12
1400000US06001427100,06001427100,"Census Tract 4271, Alameda County, California",3588,198,2589,257,999,244,3402,187,2484,242,918,245,82,58,47,44,35,40,89,73,43,63,46,40,0,12,0,12,0,12,15,18,15,18,0,12
1400000US06001427200,06001427200,"Census Tract 4272, Alameda County, California",4109,353,1792,433,2317,411,3407,393,1622,399,1785,383,573,371,117,103,456,369,81,45,53,43,28,29,12,14,0,12,12,14,36,45,0,12,36,45
1400000US06001427300,06001427300,"Census Tract 4273, Alameda County, California",5144,286,2717,319,2427,361,4628,342,2616,325,2012,337,260,158,33,51,227,144,119,93,45,36,74,88,84,71,0,17,84,71,53,43,23,27,30,31
1400000US06001427600,06001427600,"Census Tract 4276, Alameda County, California",5617,353,839,257,4778,417,4451,439,794,257,3657,430,599,298,34,43,565,299,357,177,0,17,357,177,79,63,11,17,68,60,131,138,0,17,131,138
1400000US06001427700,06001427700,"Census Tract 4277, Alameda County, California",5009,421,1876,432,3133,542,4398,446,1834,443,2564,551,218,130,38,45,180,117,178,133,0,17,178,133,195,136,4,41,191,129,20,33,0,17,20,33
1400000US06001427800,06001427800,"Census Tract 4278, Alameda County, California",5154,441,2040,517,3114,749,4454,432,1950,492,2504,658,468,219,47,46,421,220,205,155,32,44,173,168,27,33,11,17,16,27,0,17,0,17,0,17
1400000US06001427900,06001427900,"Census Tract 4279, Alameda County, California",4920,401,2023,328,2897,431,4352,414,1915,305,2437,444,149,114,25,47,124,107,317,142,39,47,278,133,83,78,25,52,58,57,19,30,19,30,0,12
1400000US06001428000,06001428000,"Census Tract 4280, Alameda County, California",2704,285,529,195,2175,340,2248,335,381,144,1867,356,157,98,63,90,94,61,212,148,54,39,158,145,42,45,0,12,42,45,45,45,31,39,14,18
1400000US06001428100,06001428100,"Census Tract 4281, Alameda County, California",4793,246,2997,287,1796,276,4265,262,2857,281,1408,268,360,156,83,75,277,129,117,79,33,32,84,72,31,39,24,38,7,12,20,37,0,12,20,37
1400000US06001428200,06001428200,"Census Tract 4282, Alameda County, California",6453,338,4034,448,2419,414,6137,368,3949,447,2188,430,118,98,15,24,103,96,63,62,48,55,15,25,113,132,0,17,113,132,22,35,22,35,0,17
1400000US06001428301,06001428301,"Census Tract 4283.01, Alameda County, California",6952,369,5703,451,1249,340,6553,413,5435,463,1118,340,278,183,230,163,48,74,42,66,0,17,42,66,41,66,0,17,41,66,38,36,38,36,0,17
1400000US06001428302,06001428302,"Census Tract 4283.02, Alameda County, California",7366,475,5554,581,1812,581,6622,446,5351,564,1271,501,377,226,109,97,268,184,142,87,79,63,63,61,164,178,0,17,164,178,61,73,15,24,46,71
1400000US06001428400,06001428400,"Census Tract 4284, Alameda County, California",4175,313,1132,261,3043,343,3533,344,989,245,2544,365,286,115,71,57,215,105,181,155,13,20,168,154,111,68,59,47,52,51,64,79,0,12,64,79
1400000US06001428500,06001428500,"Census Tract 4285, Alameda County, California",3020,213,1019,211,2001,278,2597,234,972,213,1625,281,167,111,0,12,167,111,137,82,20,32,117,77,119,64,27,30,92,58,0,12,0,12,0,12
1400000US06001428600,06001428600,"Census Tract 4286, Alameda County, California",3283,219,1659,218,1624,227,2605,241,1429,228,1176,242,276,136,136,87,140,113,299,179,75,80,224,155,59,35,5,10,54,35,44,58,14,21,30,44
1400000US06001428700,06001428700,"Census Tract 4287, Alameda County, California",4046,295,1713,238,2333,348,3560,304,1633,248,1927,319,250,123,47,42,203,117,51,53,27,41,24,33,161,105,6,9,155,105,24,40,0,12,24,40
1400000US06001430101,06001430101,"Census Tract 4301.01, Alameda County, California",6760,448,5842,607,918,596,6490,462,5594,612,896,592,104,92,104,92,0,17,66,63,66,63,0,17,63,59,41,47,22,35,37,56,37,56,0,17
1400000US06001430102,06001430102,"Census Tract 4301.02, Alameda County, California",2384,145,1929,193,455,170,2178,176,1804,201,374,138,67,54,62,53,5,8,117,110,41,33,76,103,6,9,6,9,0,12,16,16,16,16,0,12
1400000US06001430200,06001430200,"Census Tract 4302, Alameda County, California",6549,402,6187,427,362,264,6367,403,6005,426,362,264,94,74,94,74,0,17,31,38,31,38,0,17,28,32,28,32,0,17,29,45,29,45,0,17
1400000US06001430300,06001430300,"Census Tract 4303, Alameda County, California",3686,259,3048,305,638,345,3392,295,2777,314,615,349,109,85,86,83,23,27,175,88,175,88,0,12,0,12,0,12,0,12,10,16,10,16,0,12
1400000US06001430400,06001430400,"Census Tract 4304, Alameda County, California",2144,187,2012,186,132,78,2030,178,1934,188,96,56,64,45,36,23,28,40,29,35,29,35,0,12,14,14,6,8,8,12,7,11,7,11,0,12
1400000US06001430500,06001430500,"Census Tract 4305, Alameda County, California",5467,356,3445,433,2022,400,5012,369,3122,397,1890,394,243,174,224,173,19,33,127,118,68,102,59,58,67,61,31,43,36,43,18,30,0,17,18,30
1400000US06001430600,06001430600,"Census Tract 4306, Alameda County, California",6551,455,5245,724,1306,598,5951,508,4822,700,1129,608,300,187,189,155,111,98,223,182,177,159,46,80,57,56,57,56,0,17,20,33,0,17,20,33
1400000US06001430700,06001430700,"Census Tract 4307, Alameda County, California",4012,213,3186,344,826,253,3635,257,2913,315,722,262,295,164,259,148,36,55,79,95,11,17,68,95,3,8,3,8,0,12,0,12,0,12,0,12
1400000US06001430800,06001430800,"Census Tract 4308, Alameda County, California",5321,548,3344,778,1977,541,4401,680,2886,729,1515,429,592,392,292,300,300,245,239,206,152,182,87,82,0,17,0,17,0,17,89,92,14,23,75,86
1400000US06001430900,06001430900,"Census Tract 4309, Alameda County, California",4850,355,1015,211,3835,353,4164,389,932,224,3232,386,362,156,46,36,316,158,83,86,20,23,63,82,206,193,17,27,189,193,35,42,0,17,35,42
1400000US06001431000,06001431000,"Census Tract 4310, Alameda County, California",2872,188,928,243,1944,248,2555,196,772,217,1783,263,186,128,132,117,54,42,111,106,24,38,87,98,0,12,0,12,0,12,20,25,0,12,20,25
1400000US06001431100,06001431100,"Census Tract 4311, Alameda County, California",3506,269,863,160,2643,303,2983,216,827,158,2156,247,218,116,25,26,193,112,258,236,0,12,258,236,47,44,11,18,36,39,0,12,0,12,0,12
1400000US06001431200,06001431200,"Census Tract 4312, Alameda County, California",5651,338,2611,469,3040,573,5059,525,2513,434,2546,613,419,310,56,68,363,309,100,81,31,51,69,66,62,78,0,17,62,78,11,21,11,21,0,17
1400000US06001432100,06001432100,"Census Tract 4321, Alameda County, California",3764,247,2757,265,1007,283,3224,301,2603,264,621,227,403,241,44,70,359,262,85,61,58,46,27,43,31,42,31,42,0,12,21,23,21,23,0,12
1400000US06001432200,06001432200,"Census Tract 4322, Alameda County, California",4381,287,2011,347,2370,415,3898,283,1867,340,2031,392,122,69,49,35,73,57,266,181,77,90,189,165,95,63,18,28,77,57,0,12,0,12,0,12
1400000US06001432300,06001432300,"Census Tract 4323, Alameda County, California",4655,300,3041,466,1614,503,4223,366,2798,437,1425,527,332,179,183,154,149,121,91,62,60,53,31,35,0,12,0,12,0,12,9,15,0,12,9,15
1400000US06001432400,06001432400,"Census Tract 4324, Alameda County, California",6386,361,3055,432,3331,530,5511,425,2777,429,2734,510,645,275,171,131,474,296,78,61,57,53,21,34,39,45,0,17,39,45,113,88,50,48,63,73
1400000US06001432501,06001432501,"Census Tract 4325.01, Alameda County, California",4716,410,2462,513,2254,495,4168,426,2236,432,1932,444,307,279,62,52,245,282,151,219,140,218,11,17,0,12,0,12,0,12,90,110,24,26,66,106
1400000US06001432502,06001432502,"Census Tract 4325.02, Alameda County, California",5027,314,2694,388,2333,446,4469,375,2479,371,1990,440,300,155,176,125,124,103,148,69,30,30,118,64,84,93,0,17,84,93,26,24,9,15,17,20
1400000US06001432600,06001432600,"Census Tract 4326, Alameda County, California",7091,457,2457,467,4634,681,6170,560,2248,442,3922,729,595,343,105,92,490,327,213,158,104,82,109,135,0,17,0,17,0,17,113,115,0,17,113,115
1400000US06001432700,06001432700,"Census Tract 4327, Alameda County, California",2843,189,2060,280,783,215,2540,188,1890,241,650,199,169,93,109,60,60,73,87,69,44,51,43,45,17,25,17,25,0,12,30,49,0,12,30,49
1400000US06001432800,06001432800,"Census Tract 4328, Alameda County, California",3847,313,3061,476,786,370,3549,297,2829,435,720,346,207,139,152,111,55,85,70,53,59,49,11,17,21,25,21,25,0,12,0,12,0,12,0,12
1400000US06001433000,06001433000,"Census Tract 4330, Alameda County, California",3824,543,2548,381,1276,444,3560,525,2431,362,1129,429,118,78,34,28,84,71,117,116,73,102,44,60,19,29,0,12,19,29,10,16,10,16,0,12
1400000US06001433102,06001433102,"Census Tract 4331.02, Alameda County, California",4069,325,2411,445,1658,483,3633,579,2026,492,1607,485,376,410,357,389,19,38,49,51,28,40,21,32,0,12,0,12,0,12,11,17,0,12,11,17
1400000US06001433103,06001433103,"Census Tract 4331.03, Alameda County, California",3782,198,1041,261,2741,267,3244,276,957,243,2287,298,408,210,41,48,367,209,58,51,34,43,24,28,27,32,0,12,27,32,45,46,9,14,36,44
1400000US06001433104,06001433104,"Census Tract 4331.04, Alameda County, California",3744,337,1171,283,2573,373,3156,331,1017,273,2139,381,397,166,119,77,278,142,30,36,0,12,30,36,127,76,35,46,92,69,34,48,0,12,34,48
1400000US06001433200,06001433200,"Census Tract 4332, Alameda County, California",7016,441,3532,545,3484,519,6377,489,3344,525,3033,544,453,238,106,140,347,189,134,111,30,46,104,98,0,17,0,17,0,17,52,68,52,68,0,17
1400000US06001433300,06001433300,"Census Tract 4333, Alameda County, California",7757,427,5997,556,1760,627,7283,428,5721,578,1562,599,260,244,164,188,96,157,42,66,0,17,42,66,95,128,95,128,0,17,77,94,17,29,60,90
1400000US06001433400,06001433400,"Census Tract 4334, Alameda County, California",6448,487,5033,625,1415,442,5827,520,4577,610,1250,473,372,261,250,221,122,121,179,171,162,168,17,26,70,84,44,77,26,45,0,17,0,17,0,17
1400000US06001433500,06001433500,"Census Tract 4335, Alameda County, California",4598,249,3792,414,806,334,4333,292,3639,416,694,328,232,136,120,77,112,111,33,33,33,33,0,12,0,12,0,12,0,12,0,12,0,12,0,12
1400000US06001433600,06001433600,"Census Tract 4336, Alameda County, California",5757,393,3121,591,2636,569,5489,415,3088,590,2401,545,166,143,19,33,147,136,32,38,14,25,18,30,13,20,0,17,13,20,57,59,0,17,57,59
1400000US06001433700,06001433700,"Census Tract 4337, Alameda County, California",3564,387,1388,326,2176,441,3227,449,1248,317,1979,469,237,149,85,99,152,101,100,63,55,53,45,40,0,12,0,12,0,12,0,12,0,12,0,12
1400000US06001433800,06001433800,"Census Tract 4338, Alameda County, California",8189,703,4214,951,3975,859,7798,812,4003,963,3795,891,168,157,132,147,36,41,81,91,54,84,27,32,14,21,0,17,14,21,128,127,25,40,103,121
1400000US06001433900,06001433900,"Census Tract 4339, Alameda County, California",7402,668,1076,336,6326,735,6661,617,1076,336,5585,681,548,318,0,17,548,318,0,17,0,17,0,17,0,17,0,17,0,17,193,275,0,17,193,275
1400000US06001434000,06001434000,"Census Tract 4340, Alameda County, California",5231,461,1732,419,3499,482,4933,461,1670,398,3263,497,205,141,30,31,175,140,7,12,0,17,7,12,25,24,11,17,14,24,61,80,21,32,40,74
1400000US06001435102,06001435102,"Census Tract 4351.02, Alameda County, California",4523,288,3256,304,1267,398,4175,344,3013,299,1162,402,188,121,145,114,43,45,115,85,86,77,29,34,12,18,12,18,0,17,33,34,0,17,33,34
1400000US06001435103,06001435103,"Census Tract 4351.03, Alameda County, California",6823,464,6334,513,489,273,6324,506,5878,551,446,269,324,288,281,274,43,69,161,227,161,227,0,17,14,25,14,25,0,17,0,17,0,17,0,17
1400000US06001435104,06001435104,"Census Tract 4351.04, Alameda County, California",5760,453,1041,328,4719,469,4806,498,994,320,3812,515,590,275,13,20,577,274,222,177,10,17,212,176,81,75,12,19,69,72,61,54,12,19,49,49
1400000US06001435200,06001435200,"Census Tract 4352, Alameda County, California",4418,331,3764,446,654,340,4319,352,3685,452,634,341,59,76,59,76,0,12,29,26,20,23,9,13,11,16,0,12,11,16,0,12,0,12,0,12
1400000US06001435300,06001435300,"Census Tract 4353, Alameda County, California",4327,344,1759,380,2568,325,3916,310,1690,357,2226,301,210,126,63,50,147,114,192,136,6,13,186,135,0,12,0,12,0,12,9,15,0,12,9,15
1400000US06001435400,06001435400,"Census Tract 4354, Alameda County, California",4171,336,1266,249,2905,404,3177,312,1120,236,2057,364,453,207,55,44,398,200,432,221,68,59,364,207,55,53,0,12,55,53,54,42,23,25,31,36
1400000US06001435500,06001435500,"Census Tract 4355, Alameda County, California",3969,304,1369,290,2600,362,3523,331,1309,280,2214,374,311,217,7,11,304,215,107,86,35,47,72,73,7,12,7,12,0,12,21,28,11,22,10,15
1400000US06001435601,06001435601,"Census Tract 4356.01, Alameda County, California",5483,484,1358,368,4125,509,5091,514,1203,314,3888,538,296,217,117,117,179,170,41,53,31,51,10,16,0,17,0,17,0,17,55,78,7,11,48,77
1400000US06001435602,06001435602,"Census Tract 4356.02, Alameda County, California",5059,593,1681,357,3378,552,4838,552,1615,346,3223,524,160,93,50,34,110,84,53,38,16,26,37,29,8,13,0,17,8,13,0,17,0,17,0,17
1400000US06001435700,06001435700,"Census Tract 4357, Alameda County, California",4836,381,3529,478,1307,505,4486,351,3362,463,1124,404,102,107,102,107,0,12,65,63,65,63,0,12,0,12,0,12,0,12,183,292,0,12,183,292
1400000US06001435800,06001435800,"Census Tract 4358, Alameda County, California",5524,434,3698,510,1826,685,5168,487,3439,491,1729,685,284,174,213,167,71,110,29,25,29,25,0,17,26,39,0,17,26,39,17,27,17,27,0,17
1400000US06001435900,06001435900,"Census Tract 4359, Alameda County, California",5394,414,3934,426,1460,485,5042,404,3855,418,1187,406,316,241,54,43,262,238,28,32,17,28,11,15,0,17,0,17,0,17,8,13,8,13,0,17
1400000US06001436000,06001436000,"Census Tract 4360, Alameda County, California",4393,384,3156,485,1237,354,3932,414,2827,454,1105,359,384,265,267,234,117,154,18,20,11,17,7,11,16,17,8,14,8,12,43,67,43,67,0,12
1400000US06001436100,06001436100,"Census Tract 4361, Alameda County, California",6071,321,3785,485,2286,509,5287,393,3492,470,1795,438,509,297,95,81,414,294,218,133,155,113,63,51,43,48,43,48,0,17,14,23,0,17,14,23
1400000US06001436200,06001436200,"Census Tract 4362, Alameda County, California",3945,473,569,251,3376,483,3682,501,558,250,3124,513,101,58,11,16,90,55,162,171,0,12,162,171,0,12,0,12,0,12,0,12,0,12,0,12
1400000US06001436300,06001436300,"Census Tract 4363, Alameda County, California",8221,725,3060,611,5161,774,7382,770,2698,559,4684,712,183,133,46,61,137,117,485,318,293,262,192,197,71,72,23,38,48,61,100,171,0,17,100,171
1400000US06001436401,06001436401,"Census Tract 4364.01, Alameda County, California",7522,481,4086,405,3436,555,6281,456,3765,411,2516,548,905,419,153,100,752,400,264,172,151,144,113,79,38,43,0,17,38,43,34,45,17,27,17,28
1400000US06001436402,06001436402,"Census Tract 4364.02, Alameda County, California",2644,250,2300,209,344,277,2528,252,2184,200,344,277,74,46,74,46,0,12,38,29,38,29,0,12,4,8,4,8,0,12,0,12,0,12,0,12
1400000US06001436500,06001436500,"Census Tract 4365, Alameda County, California",4881,312,1512,363,3369,362,3827,365,1375,352,2452,373,446,182,72,61,374,174,484,178,65,54,419,170,37,43,0,12,37,43,87,80,0,12,87,80
1400000US06001436601,06001436601,"Census Tract 4366.01, Alameda County, California",6741,502,3076,534,3665,576,6083,508,2856,519,3227,555,393,171,138,104,255,144,123,75,59,46,64,61,0,17,0,17,0,17,142,126,23,35,119,112
1400000US06001436602,06001436602,"Census Tract 4366.02, Alameda County, California",4935,365,1112,386,3823,496,4587,390,1099,387,3488,500,232,127,0,17,232,127,59,51,0,17,59,51,46,45,13,22,33,37,11,18,0,17,11,18
1400000US06001436700,06001436700,"Census Tract 4367, Alameda County, California",3227,344,1736,412,1491,385,2831,334,1581,363,1250,386,274,162,84,93,190,124,51,50,26,31,25,42,60,60,34,52,26,30,11,18,11,18,0,12
1400000US06001436800,06001436800,"Census Tract 4368, Alameda County, California",4131,402,1832,404,2299,472,3736,369,1773,411,1963,435,289,283,31,35,258,281,54,42,16,25,38,33,12,19,12,19,0,12,40,43,0,12,40,43
1400000US06001436900,06001436900,"Census Tract 4369, Alameda County, California",6760,410,2991,525,3769,566,6143,466,2837,517,3306,542,299,145,67,45,232,137,131,95,63,74,68,64,142,194,11,17,131,194,45,58,13,21,32,53
1400000US06001437000,06001437000,"Census Tract 4370, Alameda County, California",3408,238,2807,300,601,168,3206,248,2707,303,499,163,151,90,86,50,65,73,51,39,14,22,37,33,0,12,0,12,0,12,0,12,0,12,0,12
1400000US06001437101,06001437101,"Census Tract 4371.01, Alameda County, California",7086,503,5805,627,1281,416,6380,539,5204,652,1176,379,409,255,335,230,74,92,277,176,246,171,31,47,0,17,0,17,0,17,20,24,20,24,0,17
1400000US06001437102,06001437102,"Census Tract 4371.02, Alameda County, California",4550,318,2384,572,2166,469,4150,352,2072,508,2078,479,197,171,153,157,44,49,125,99,125,99,0,12,30,46,30,46,0,12,48,46,4,18,44,44
1400000US06001437200,06001437200,"Census Tract 4372, Alameda County, California",7607,679,4802,572,2805,637,7021,575,4586,572,2435,498,146,96,110,86,36,41,157,132,88,125,69,69,86,92,0,17,86,92,197,286,18,31,179,281
1400000US06001437300,06001437300,"Census Tract 4373, Alameda County, California",3163,196,1796,250,1367,229,2819,237,1694,240,1125,199,257,171,55,36,202,172,36,44,5,9,31,44,29,28,29,28,0,12,22,21,13,19,9,10
1400000US06001437400,06001437400,"Census Tract 4374, Alameda County, California",3239,184,2418,238,821,243,2985,182,2285,245,700,213,172,109,64,39,108,103,44,25,31,22,13,14,0,12,0,12,0,12,38,47,38,47,0,12
1400000US06001437500,06001437500,"Census Tract 4375, Alameda County, California",4356,298,767,291,3589,363,4053,360,737,287,3316,423,205,167,0,12,205,167,86,82,30,37,56,74,12,19,0,12,12,19,0,12,0,12,0,12
1400000US06001437600,06001437600,"Census Tract 4376, Alameda County, California",3537,211,2089,353,1448,384,3073,251,1918,305,1155,361,271,156,85,118,186,91,133,85,76,84,57,41,19,26,0,12,19,26,41,57,10,13,31,50
1400000US06001437701,06001437701,"Census Tract 4377.01, Alameda County, California",3663,297,808,284,2855,433,3459,351,770,261,2689,456,80,85,6,10,74,85,85,99,0,12,85,99,0,12,0,12,0,12,39,42,32,40,7,11
1400000US06001437702,06001437702,"Census Tract 4377.02, Alameda County, California",4683,346,256,188,4427,412,4322,437,226,169,4096,490,199,181,30,56,169,169,120,92,0,12,120,92,0,12,0,12,0,12,42,50,0,12,42,50
1400000US06001437800,06001437800,"Census Tract 4378, Alameda County, California",4648,335,3519,440,1129,290,4419,345,3370,441,1049,289,136,82,65,57,71,51,93,80,84,79,9,15,0,12,0,12,0,12,0,12,0,12,0,12
1400000US06001437900,06001437900,"Census Tract 4379, Alameda County, California",2419,228,1288,211,1131,312,2128,248,1225,203,903,332,198,99,46,28,152,91,59,37,13,20,46,31,26,24,0,12,26,24,8,11,4,7,4,7
1400000US06001438000,06001438000,"Census Tract 4380, Alameda County, California",3771,346,2340,386,1431,507,3621,333,2283,386,1338,509,41,33,22,26,19,22,43,37,35,34,8,13,66,104,0,12,66,104,0,12,0,12,0,12
1400000US06001438100,06001438100,"Census Tract 4381, Alameda County, California",7307,573,5008,655,2299,589,6909,571,4708,662,2201,562,298,199,278,199,20,29,68,85,22,35,46,77,0,17,0,17,0,17,32,52,0,17,32,52
1400000US06001438201,06001438201,"Census Tract 4382.01, Alameda County, California",4953,437,3795,508,1158,517,4417,460,3510,498,907,468,307,260,249,256,58,61,123,113,36,51,87,101,106,165,0,17,106,165,0,17,0,17,0,17
1400000US06001438203,06001438203,"Census Tract 4382.03, Alameda County, California",4186,287,3112,348,1074,398,4011,255,3004,343,1007,379,96,87,44,45,52,75,53,66,45,65,8,12,26,24,19,22,7,11,0,12,0,12,0,12
1400000US06001438204,06001438204,"Census Tract 4382.04, Alameda County, California",5397,251,4090,356,1307,339,5184,280,3918,367,1266,345,118,66,101,62,17,20,13,21,13,21,0,17,16,21,16,21,0,17,66,46,42,33,24,33
1400000US06001438300,06001438300,"Census Tract 4383, Alameda County, California",3890,368,2414,417,1476,474,3706,336,2303,408,1403,456,93,66,52,43,41,50,0,12,0,12,0,12,6,9,6,9,0,12,85,64,53,54,32,34
1400000US06001438400,06001438400,"Census Tract 4384, Alameda County, California",2404,203,2117,228,287,139,2116,164,1926,195,190,121,239,161,142,135,97,93,17,19,17,19,0,12,8,13,8,13,0,12,24,29,24,29,0,12
1400000US06001440100,06001440100,"Census Tract 4401, Alameda County, California",2361,217,1294,256,1067,173,2077,214,1216,254,861,171,192,87,41,25,151,86,64,38,26,27,38,26,12,14,0,12,12,14,16,14,11,11,5,7
1400000US06001440200,06001440200,"Census Tract 4402, Alameda County, California",5834,396,2413,428,3421,445,5274,406,2274,420,3000,478,322,178,62,58,260,168,116,88,45,61,71,60,29,47,0,17,29,47,93,77,32,28,61,76
1400000US06001440301,06001440301,"Census Tract 4403.01, Alameda County, California",7206,506,5120,704,2086,691,6462,673,5001,713,1461,581,244,181,119,117,125,145,134,128,0,17,134,128,232,334,0,17,232,334,134,115,0,17,134,115
1400000US06001440304,06001440304,"Census Tract 4403.04, Alameda County, California",5081,318,3448,359,1633,379,4782,366,3275,359,1507,382,223,151,127,107,96,96,76,60,46,49,30,36,0,17,0,17,0,17,0,17,0,17,0,17
1400000US06001440305,06001440305,"Census Tract 4403.05, Alameda County, California",3952,243,3299,302,653,274,3754,242,3130,306,624,273,120,66,107,64,13,14,35,26,19,13,16,23,10,11,10,11,0,12,33,24,33,24,0,12
1400000US06001440306,06001440306,"Census Tract 4403.06, Alameda County, California",4140,299,2302,386,1838,389,3854,283,2133,360,1721,384,154,93,64,59,90,70,26,32,26,32,0,12,18,22,14,21,4,8,88,64,65,58,23,33
1400000US06001440307,06001440307,"Census Tract 4403.07, Alameda County, California",4299,291,2864,393,1435,401,3943,290,2665,378,1278,389,296,148,199,130,97,73,15,23,0,12,15,23,0,12,0,12,0,12,45,68,0,12,45,68
1400000US06001440308,06001440308,"Census Tract 4403.08, Alameda County, California",6060,346,3530,423,2530,486,5413,364,3391,410,2022,482,180,93,69,55,111,74,73,50,13,17,60,44,111,72,36,41,75,60,283,111,21,25,262,109
1400000US06001440331,06001440331,"Census Tract 4403.31, Alameda County, California",3362,231,1640,198,1722,287,3099,257,1575,193,1524,298,129,55,36,30,93,47,88,50,18,18,70,48,12,13,6,8,6,9,34,26,5,7,29,25
1400000US06001440332,06001440332,"Census Tract 4403.32, Alameda County, California",3590,218,3165,257,425,160,3375,232,3003,251,372,155,70,40,70,40,0,12,26,27,16,19,10,16,114,89,71,79,43,43,5,7,5,7,0,12
1400000US06001440333,06001440333,"Census Tract 4403.33, Alameda County, California",3026,280,2472,278,554,301,2807,231,2372,267,435,244,145,190,26,22,119,188,15,24,15,24,0,12,0,12,0,12,0,12,59,70,59,70,0,12
1400000US06001440334,06001440334,"Census Tract 4403.34, Alameda County, California",4385,234,3427,354,958,353,4154,293,3291,381,863,373,147,117,77,73,70,94,14,21,0,12,14,21,0,12,0,12,0,12,70,82,59,80,11,19
1400000US06001440335,06001440335,"Census Tract 4403.35, Alameda County, California",6748,672,4836,701,1912,280,6228,743,4657,746,1571,284,225,186,121,146,104,114,178,124,54,63,124,107,30,37,0,17,30,37,87,89,4,42,83,79
1400000US06001440336,06001440336,"Census Tract 4403.36, Alameda County, California",4833,367,2783,541,2050,433,4333,386,2615,504,1718,482,327,153,72,61,255,143,75,57,29,27,46,47,19,22,19,22,0,12,79,67,48,58,31,30
1400000US06001441100,06001441100,"Census Tract 4411, Alameda County, California",4115,289,3288,280,827,259,3744,297,3202,267,542,195,231,204,34,38,197,203,106,86,41,62,65,60,23,37,0,12,23,37,11,16,11,16,0,12
1400000US06001441200,06001441200,"Census Tract 4412, Alameda County, California",6824,594,4257,556,2567,618,6282,603,4132,562,2150,637,194,144,21,32,173,142,237,163,73,76,164,148,99,79,31,41,68,83,12,19,0,17,12,19
1400000US06001441301,06001441301,"Census Tract 4413.01, Alameda County, California",3129,206,1743,253,1386,247,2371,249,1694,244,677,224,298,108,0,12,298,108,91,58,9,14,82,54,255,180,0,12,255,180,114,96,40,46,74,83
1400000US06001441302,06001441302,"Census Tract 4413.02, Alameda County, California",5680,281,3756,376,1924,366,5258,290,3587,373,1671,351,232,136,86,70,146,108,103,79,32,34,71,65,58,54,22,37,36,38,29,28,29,28,0,17
1400000US06001441401,06001441401,"Census Tract 4414.01, Alameda County, California",7970,672,5075,888,2895,788,7139,771,4589,844,2550,723,529,311,238,205,291,260,111,104,57,52,54,80,23,34,23,34,0,17,168,155,168,155,0,17
1400000US06001441402,06001441402,"Census Tract 4414.02, Alameda County, California",5320,335,3832,345,1488,299,4818,337,3537,329,1281,317,230,114,115,81,115,78,145,83,109,78,36,32,20,25,0,17,20,25,107,97,71,73,36,54
1400000US06001441501,06001441501,"Census Tract 4415.01, Alameda County, California",6394,318,5409,458,985,422,5943,363,5027,500,916,450,266,163,197,136,69,105,59,38,59,38,0,17,88,130,88,130,0,17,38,47,38,47,0,17
1400000US06001441503,06001441503,"Census Tract 4415.03, Alameda County, California",6605,212,4992,343,1613,274,5472,344,4592,352,880,276,291,134,93,72,198,115,468,234,150,97,318,210,105,121,22,34,83,116,269,125,135,69,134,101
1400000US06001441521,06001441521,"Census Tract 4415.21, Alameda County, California",6216,355,4445,544,1771,566,5707,346,4103,490,1604,537,155,88,95,80,60,71,97,79,52,49,45,60,87,78,25,30,62,73,170,109,170,109,0,17
1400000US06001441522,06001441522,"Census Tract 4415.22, Alameda County, California",5086,281,3960,387,1126,404,4737,332,3673,396,1064,389,231,113,190,109,41,54,78,87,57,80,21,32,16,31,16,31,0,17,24,37,24,37,0,17
1400000US06001441523,06001441523,"Census Tract 4415.23, Alameda County, California",4276,234,2080,368,2196,399,3671,259,1987,360,1684,379,177,97,30,34,147,93,119,106,19,29,100,104,65,65,11,17,54,61,244,150,33,42,211,149
1400000US06001441524,06001441524,"Census Tract 4415.24, Alameda County, California",4341,215,2691,372,1650,365,3547,351,2465,401,1082,319,397,255,74,79,323,248,227,131,152,99,75,82,79,87,0,12,79,87,91,77,0,12,91,77
1400000US06001441601,06001441601,"Census Tract 4416.01, Alameda County, California",4998,353,3909,485,1089,425,4577,411,3660,465,917,416,176,118,93,68,83,89,119,134,30,39,89,127,22,35,22,35,0,17,104,95,104,95,0,17
1400000US06001441602,06001441602,"Census Tract 4416.02, Alameda County, California",7957,622,4187,762,3770,767,7353,650,4100,762,3253,691,354,295,0,17,354,295,188,153,87,110,101,101,0,17,0,17,0,17,62,55,0,17,62,55
1400000US06001441700,06001441700,"Census Tract 4417, Alameda County, California",7884,585,4792,612,3092,749,7019,645,4223,558,2796,736,347,212,152,134,195,166,235,158,179,134,56,88,141,190,127,187,14,21,142,120,111,114,31,36
1400000US06001441800,06001441800,"Census Tract 4418, Alameda County, California",7574,471,4358,486,3216,664,6910,521,3958,477,2952,635,512,369,293,228,219,280,78,54,63,49,15,23,57,63,27,42,30,47,17,28,17,28,0,17
1400000US06001441921,06001441921,"Census Tract 4419.21, Alameda County, California",3847,394,1713,402,2134,407,3373,427,1635,398,1738,424,76,51,21,24,55,45,268,159,42,44,226,159,102,88,0,12,102,88,28,29,15,23,13,17
1400000US06001441923,06001441923,"Census Tract 4419.23, Alameda County, California",6044,427,458,219,5586,483,4764,530,380,212,4384,548,609,337,25,44,584,332,100,101,53,82,47,59,176,124,0,17,176,124,395,247,0,17,395,247
1400000US06001441924,06001441924,"Census Tract 4419.24, Alameda County, California",7942,631,4557,581,3385,719,6913,706,4263,552,2650,743,294,187,117,133,177,128,199,126,116,89,83,90,208,125,26,31,182,121,328,176,35,38,293,177
1400000US06001441925,06001441925,"Census Tract 4419.25, Alameda County, California",6711,468,1169,404,5542,588,4083,518,1013,379,3070,568,1101,379,87,81,1014,387,462,231,17,28,445,229,418,274,0,17,418,274,647,244,52,71,595,237
1400000US06001441926,06001441926,"Census Tract 4419.26, Alameda County, California",4390,284,976,299,3414,354,3673,321,885,262,2788,369,321,163,11,17,310,162,131,86,28,33,103,80,43,57,0,12,43,57,222,120,52,63,170,102
1400000US06001441927,06001441927,"Census Tract 4419.27, Alameda County, California",4450,339,1150,204,3300,382,3237,350,1000,211,2237,367,411,185,113,83,298,168,379,191,37,44,342,185,195,149,0,12,195,149,228,133,0,12,228,133
1400000US06001442000,06001442000,"Census Tract 4420, Alameda County, California",3233,208,2950,249,283,178,3061,223,2778,268,283,178,80,75,80,75,0,12,63,47,63,47,0,12,17,24,17,24,0,12,12,22,12,22,0,12
1400000US06001442100,06001442100,"Census Tract 4421, Alameda County, California",5186,324,4619,368,567,213,4812,300,4381,322,431,193,205,128,106,86,99,91,9,15,9,15,0,17,80,65,53,55,27,40,80,67,70,64,10,16
1400000US06001442200,06001442200,"Census Tract 4422, Alameda County, California",7066,314,6280,432,786,365,6663,319,6004,421,659,327,300,164,173,140,127,134,78,63,78,63,0,17,0,17,0,17,0,17,25,42,25,42,0,17
1400000US06001442301,06001442301,"Census Tract 4423.01, Alameda County, California",4870,262,2850,362,2020,303,4442,362,2813,368,1629,312,184,104,25,26,159,102,176,165,0,12,176,165,26,30,12,19,14,23,42,47,0,12,42,47
1400000US06001442302,06001442302,"Census Tract 4423.02, Alameda County, California",5974,429,2156,404,3818,409,5261,447,1958,383,3303,414,311,138,114,84,197,113,162,115,23,28,139,111,92,57,51,57,41,47,148,96,10,16,138,94
1400000US06001442400,06001442400,"Census Tract 4424, Alameda County, California",6411,473,4303,424,2108,513,5894,537,4134,447,1760,546,354,169,131,112,223,113,93,66,38,36,55,54,9,14,0,17,9,14,61,71,0,17,61,71
1400000US06001442500,06001442500,"Census Tract 4425, Alameda County, California",7366,538,4089,813,3277,981,6605,701,4018,816,2587,931,592,484,40,49,552,487,40,44,20,31,20,32,21,33,0,17,21,33,108,120,11,19,97,119
1400000US06001442601,06001442601,"Census Tract 4426.01, Alameda County, California",3959,257,2666,349,1293,412,3820,257,2555,335,1265,414,65,51,50,46,15,22,48,37,35,33,13,20,14,21,14,21,0,12,12,18,12,18,0,12
1400000US06001442602,06001442602,"Census Tract 4426.02, Alameda County, California",4939,341,2692,415,2247,503,4697,360,2602,414,2095,479,172,137,57,48,115,129,48,51,11,18,37,46,9,15,9,15,0,12,13,21,13,21,0,12
1400000US06001442700,06001442700,"Census Tract 4427, Alameda County, California",2985,207,2104,271,881,302,2668,214,1966,263,702,262,207,154,77,73,130,135,48,49,8,12,40,48,32,38,32,38,0,12,30,31,21,29,9,15
1400000US06001442800,06001442800,"Census Tract 4428, Alameda County, California",2876,307,2180,303,696,261,2560,336,2057,294,503,238,153,77,60,39,93,68,96,98,38,40,58,86,0,12,0,12,0,12,67,56,25,43,42,38
1400000US06001442900,06001442900,"Census Tract 4429, Alameda County, California",7824,505,5569,726,2255,675,7219,469,5311,694,1908,651,182,166,78,86,104,143,152,101,56,59,96,79,89,87,25,29,64,82,182,129,99,80,83,99
1400000US06001443001,06001443001,"Census Tract 4430.01, Alameda County, California",2797,156,1746,286,1051,289,2736,153,1715,281,1021,283,51,39,25,28,26,29,6,9,6,9,0,12,0,12,0,12,0,12,4,6,0,12,4,6
1400000US06001443002,06001443002,"Census Tract 4430.02, Alameda County, California",6736,338,4520,574,2216,548,6156,393,4270,566,1886,518,441,233,209,114,232,212,17,27,17,27,0,17,41,50,0,17,41,50,81,92,24,26,57,89
1400000US06001443102,06001443102,"Census Tract 4431.02, Alameda County, California",4759,211,4089,298,670,266,4453,231,3935,297,518,242,100,98,20,32,80,92,104,76,70,54,34,54,32,39,32,39,0,12,70,70,32,34,38,62
1400000US06001443103,06001443103,"Census Tract 4431.03, Alameda County, California",3882,225,3484,309,398,270,3714,255,3380,316,334,266,5,12,5,12,0,12,30,34,25,32,5,9,72,82,13,19,59,78,61,51,61,51,0,12
1400000US06001443104,06001443104,"Census Tract 4431.04, Alameda County, California",5447,263,3558,357,1889,390,4636,319,3305,330,1331,332,342,184,105,75,237,165,177,133,42,54,135,120,161,150,8,13,153,150,131,141,98,134,33,42
1400000US06001443105,06001443105,"Census Tract 4431.05, Alameda County, California",4448,218,4110,296,338,184,4294,207,3956,293,338,184,64,72,64,72,0,12,35,36,35,36,0,12,25,30,25,30,0,12,30,43,30,43,0,12
1400000US06001443200,06001443200,"Census Tract 4432, Alameda County, California",3935,221,3851,206,84,93,3454,292,3434,288,20,32,141,114,107,97,34,58,247,150,240,150,7,11,0,12,0,12,0,12,93,49,70,46,23,26
1400000US06001443301,06001443301,"Census Tract 4433.01, Alameda County, California",4154,204,3355,295,799,315,3884,243,3196,284,688,302,69,71,38,53,31,50,169,103,89,65,80,79,9,14,9,14,0,12,23,35,23,35,0,12
1400000US06001443321,06001443321,"Census Tract 4433.21, Alameda County, California",3421,262,1438,308,1983,367,2975,279,1238,278,1737,385,261,137,124,77,137,114,134,79,38,41,96,58,13,19,0,12,13,19,38,49,38,49,0,12
1400000US06001443322,06001443322,"Census Tract 4433.22, Alameda County, California",3168,209,2777,189,391,161,2906,245,2641,208,265,131,78,40,63,36,15,21,80,55,52,39,28,40,93,96,10,17,83,94,11,16,11,16,0,12
1400000US06001444100,06001444100,"Census Tract 4441, Alameda County, California",7735,389,6809,598,926,430,7256,437,6423,618,833,407,260,190,210,184,50,56,170,87,142,81,28,45,49,65,34,59,15,25,0,17,0,17,0,17
1400000US06001444200,06001444200,"Census Tract 4442, Alameda County, California",6896,445,5326,470,1570,629,6257,493,5104,484,1153,572,444,271,124,72,320,259,167,106,89,84,78,57,9,15,9,15,0,17,19,29,0,17,19,29
1400000US06001444301,06001444301,"Census Tract 4443.01, Alameda County, California",4150,287,2664,388,1486,403,3657,427,2318,373,1339,395,69,49,49,40,20,29,399,265,284,252,115,92,0,12,0,12,0,12,25,25,13,19,12,17
1400000US06001444302,06001444302,"Census Tract 4443.02, Alameda County, California",4400,274,2358,331,2042,344,4178,295,2236,330,1942,336,188,126,102,89,86,137,28,27,14,16,14,22,0,12,0,12,0,12,6,9,6,9,0,12
1400000US06001444400,06001444400,"Census Tract 4444, Alameda County, California",4893,380,2693,402,2200,473,4422,416,2515,414,1907,465,359,173,109,86,250,148,107,58,64,48,43,39,5,10,5,10,0,12,0,12,0,12,0,12
1400000US06001444500,06001444500,"Census Tract 4445, Alameda County, California",7223,422,3203,505,4020,439,6324,517,2997,489,3327,499,452,240,115,92,337,224,289,171,65,53,224,163,152,120,20,29,132,117,6,10,6,10,0,17
1400000US06001444601,06001444601,"Census Tract 4446.01, Alameda County, California",5418,380,4679,457,739,293,4946,353,4380,416,566,279,319,167,153,98,166,147,129,95,122,95,7,13,11,19,11,19,0,17,13,21,13,21,0,17
1400000US06001444602,06001444602,"Census Tract 4446.02, Alameda County, California",4311,338,2967,430,1344,378,3989,372,2773,431,1216,366,190,115,108,73,82,90,38,26,38,26,0,12,41,37,26,26,15,25,53,61,22,38,31,47
1400000US06001450101,06001450101,"Census Tract 4501.01, Alameda County, California",5161,419,1978,336,3183,483,3756,483,1656,340,2100,494,544,321,167,122,377,288,479,186,43,49,436,189,185,105,0,17,185,105,197,142,112,98,85,98
1400000US06001450102,06001450102,"Census Tract 4501.02, Alameda County, California",4080,209,2854,222,1226,256,3465,236,2670,224,795,226,281,124,46,50,235,120,108,99,99,98,9,15,173,150,0,17,173,150,53,64,39,59,14,21
1400000US06001450200,06001450200,"Census Tract 4502, Alameda County, California",6097,342,2461,425,3636,471,4561,422,2080,383,2481,505,825,237,248,186,577,185,498,222,52,61,446,226,187,113,55,72,132,90,26,41,26,41,0,17
1400000US06001450300,06001450300,"Census Tract 4503, Alameda County, California",5127,289,3505,427,1622,391,4583,327,3210,398,1373,394,99,93,81,84,18,19,326,166,191,153,135,101,109,68,21,31,88,68,10,14,2,7,8,12
1400000US06001450400,06001450400,"Census Tract 4504, Alameda County, California",5802,334,4477,732,1325,641,5230,394,4260,706,970,582,289,257,83,94,206,236,196,148,86,85,110,117,29,36,29,36,0,17,58,71,19,31,39,64
1400000US06001450501,06001450501,"Census Tract 4505.01, Alameda County, California",3266,160,2329,213,937,198,2749,205,2112,206,637,208,225,126,94,65,131,100,284,162,123,88,161,139,8,12,0,12,8,12,0,12,0,12,0,12
1400000US06001450502,06001450502,"Census Tract 4505.02, Alameda County, California",5443,303,4745,390,698,290,4667,358,4123,394,544,261,232,139,188,125,44,50,385,209,275,147,110,149,107,98,107,98,0,17,52,50,52,50,0,17
1400000US06001450601,06001450601,"Census Tract 4506.01, Alameda County, California",3670,280,3223,345,447,176,3165,311,2819,361,346,161,176,87,100,64,76,64,99,57,74,41,25,38,95,58,95,58,0,12,135,140,135,140,0,12
1400000US06001450602,06001450602,"Census Tract 4506.02, Alameda County, California",9840,549,7547,688,2293,653,8648,599,7005,675,1643,612,586,324,295,171,291,275,336,168,138,108,198,158,89,95,18,32,71,88,181,165,91,139,90,94
1400000US06001450603,06001450603,"Census Tract 4506.03, Alameda County, California",5208,217,4259,324,949,285,4805,231,4127,325,678,249,269,162,45,34,224,157,0,17,0,17,0,17,58,71,11,18,47,68,76,68,76,68,0,17
1400000US06001450604,06001450604,"Census Tract 4506.04, Alameda County, California",5423,275,4208,334,1215,338,4838,262,3980,335,858,299,298,149,151,104,147,105,204,142,42,56,162,114,23,27,10,15,13,21,60,51,25,28,35,41
1400000US06001450605,06001450605,"Census Tract 4506.05, Alameda County, California",3893,207,3039,258,854,250,3329,245,2776,248,553,182,196,123,131,111,65,70,123,86,67,51,56,70,63,67,26,30,37,59,182,131,39,47,143,125
1400000US06001450606,06001450606,"Census Tract 4506.06, Alameda County, California",6188,257,5451,363,737,249,5719,263,5242,337,477,223,33,30,22,24,11,18,298,120,130,65,168,104,82,86,35,58,47,64,56,56,22,34,34,45
1400000US06001450607,06001450607,"Census Tract 4506.07, Alameda County, California",5645,362,2671,329,2974,371,4646,332,2519,299,2127,380,600,340,44,47,556,335,211,152,28,46,183,145,188,169,80,98,108,131,0,17,0,17,0,17
1400000US06001450701,06001450701,"Census Tract 4507.01, Alameda County, California",8727,440,7751,493,976,292,7875,565,7160,548,715,241,596,354,455,283,141,200,34,40,34,40,0,17,110,87,62,50,48,71,112,119,40,44,72,115
1400000US06001450741,06001450741,"Census Tract 4507.41, Alameda County, California",5179,312,3186,331,1993,318,4620,319,3077,345,1543,372,292,236,56,45,236,237,153,111,40,63,113,93,74,96,13,20,61,95,40,63,0,17,40,63
1400000US06001450742,06001450742,"Census Tract 4507.42, Alameda County, California",4893,241,3952,277,941,259,4519,258,3830,292,689,227,126,95,68,65,58,71,109,91,34,40,75,77,24,35,0,12,24,35,115,98,20,31,95,93
1400000US06001450743,06001450743,"Census Tract 4507.43, Alameda County, California",6472,571,2228,356,4244,617,4428,459,2038,321,2390,494,1086,412,63,64,1023,420,324,166,52,45,272,172,273,158,17,26,256,159,361,239,58,68,303,227
1400000US06001450744,06001450744,"Census Tract 4507.44, Alameda County, California",5892,370,3848,391,2044,506,5178,370,3568,387,1610,400,410,252,163,109,247,252,228,212,41,40,187,209,0,17,0,17,0,17,76,85,76,85,0,17
1400000US06001450745,06001450745,"Census Tract 4507.45, Alameda County, California",6102,339,4552,491,1550,438,5634,366,4310,479,1324,423,260,199,203,193,57,63,93,84,35,38,58,74,115,115,4,10,111,118,0,17,0,17,0,17
1400000US06001450746,06001450746,"Census Tract 4507.46, Alameda County, California",3583,160,2870,283,713,308,3261,182,2727,294,534,267,126,114,80,83,46,72,116,62,63,64,53,38,80,97,0,12,80,97,0,12,0,12,0,12
1400000US06001450750,06001450750,"Census Tract 4507.50, Alameda County, California",4745,296,2186,277,2559,370,3295,371,1868,280,1427,354,521,181,157,115,364,167,457,207,117,87,340,189,302,164,12,19,290,163,170,152,32,38,138,147
1400000US06001450751,06001450751,"Census Tract 4507.51, Alameda County, California",8854,506,7950,571,904,287,6978,506,6385,530,593,207,1041,464,833,431,208,161,396,197,354,194,42,63,179,108,118,94,61,56,260,119,260,119,0,17
1400000US06001450752,06001450752,"Census Tract 4507.52, Alameda County, California",5756,422,5063,347,693,346,5439,430,4839,348,600,346,142,113,110,94,32,52,85,103,24,29,61,100,39,48,39,48,0,17,51,44,51,44,0,17
1400000US06001451101,06001451101,"Census Tract 4511.01, Alameda County, California",7396,426,6188,545,1208,434,6795,438,5882,537,913,391,120,101,116,101,4,7,319,200,82,68,237,183,142,148,88,132,54,63,20,32,20,32,0,17
1400000US06001451102,06001451102,"Census Tract 4511.02, Alameda County, California",4124,180,3981,185,143,156,3769,228,3687,234,82,120,161,121,161,121,0,12,60,68,60,68,0,12,122,123,61,79,61,97,12,18,12,18,0,12
1400000US06001451201,06001451201,"Census Tract 4512.01, Alameda County, California",7197,354,5219,411,1978,491,6389,408,4899,415,1490,437,503,339,86,67,417,337,269,218,198,214,71,69,36,40,36,40,0,17,0,17,0,17,0,17
1400000US06001451202,06001451202,"Census Tract 4512.02, Alameda County, California",4595,312,4237,362,358,183,4172,302,3835,346,337,183,197,153,176,151,21,33,182,159,182,159,0,12,30,34,30,34,0,12,14,22,14,22,0,12
1400000US06001451300,06001451300,"Census Tract 4513, Alameda County, California",6749,472,5470,545,1279,453,6337,490,5333,543,1004,400,276,294,72,65,204,286,116,89,45,53,71,67,20,33,20,33,0,17,0,17,0,17,0,17
1400000US06001451401,06001451401,"Census Tract 4514.01, Alameda County, California",6101,370,3751,471,2350,579,5211,493,3407,501,1804,546,421,233,153,150,268,185,353,245,113,130,240,219,116,111,78,100,38,44,0,17,0,17,0,17
1400000US06001451403,06001451403,"Census Tract 4514.03, Alameda County, California",2182,148,1678,222,504,211,1898,138,1585,209,313,142,199,101,74,60,125,88,34,27,9,10,25,25,10,11,10,11,0,12,41,58,0,12,41,58
1400000US06001451404,06001451404,"Census Tract 4514.04, Alameda County, California",6309,536,2702,641,3607,558,5698,532,2372,629,3326,581,508,353,309,290,199,191,55,70,21,43,34,56,28,33,0,17,28,33,20,35,0,17,20,35
1400000US06001451501,06001451501,"Census Tract 4515.01, Alameda County, California",4850,369,3739,376,1111,263,4525,414,3668,370,857,266,271,201,62,45,209,200,54,52,9,15,45,50,0,12,0,12,0,12,0,12,0,12,0,12
1400000US06001451503,06001451503,"Census Tract 4515.03, Alameda County, California",6040,437,4159,528,1881,587,5227,503,3613,534,1614,546,683,284,481,277,202,170,72,89,24,38,48,65,18,30,18,30,0,17,40,42,23,34,17,27
1400000US06001451504,06001451504,"Census Tract 4515.04, Alameda County, California",1684,116,1127,192,557,159,1393,122,876,148,517,155,136,81,126,79,10,12,54,38,33,21,21,31,92,66,92,66,0,12,9,13,0,12,9,13
1400000US06001451505,06001451505,"Census Tract 4515.05, Alameda County, California",3422,208,2794,261,628,279,3122,190,2731,256,391,200,188,154,16,25,172,152,47,52,47,52,0,12,65,84,0,12,65,84,0,12,0,12,0,12
1400000US06001451506,06001451506,"Census Tract 4515.06, Alameda County, California",3448,311,1256,256,2192,413,2865,412,1202,248,1663,466,496,305,40,22,456,307,63,56,14,16,49,54,17,29,0,12,17,29,7,11,0,12,7,11
1400000US06001451601,06001451601,"Census Tract 4516.01, Alameda County, California",5227,259,4263,357,964,261,4616,266,3760,357,856,256,473,212,381,212,92,71,70,49,62,46,8,13,26,29,18,26,8,12,42,62,42,62,0,17
1400000US06001451602,06001451602,"Census Tract 4516.02, Alameda County, California",6605,452,4033,468,2572,444,5886,525,3850,496,2036,447,366,215,50,82,316,196,159,131,54,99,105,77,58,75,0,17,58,75,136,121,79,87,57,91
1400000US06001451701,06001451701,"Census Tract 4517.01, Alameda County, California",3075,255,2391,264,684,309,2799,277,2201,259,598,306,276,261,190,230,86,123,0,12,0,12,0,12,0,12,0,12,0,12,0,12,0,12,0,12
1400000US06001451703,06001451703,"Census Tract 4517.03, Alameda County, California",4449,329,3446,344,1003,358,4166,343,3263,363,903,362,147,104,105,88,42,45,65,62,19,30,46,53,12,20,0,12,12,20,59,76,59,76,0,12
1400000US06001451704,06001451704,"Census Tract 4517.04, Alameda County, California",4611,208,3127,330,1484,354,4066,225,2968,321,1098,349,194,97,98,71,96,65,256,183,35,38,221,180,24,29,14,23,10,17,71,79,12,18,59,77
1400000US06001981900,06001981900,"Census Tract 9819, Alameda County, California",58,33,0,12,58,33,54,34,0,12,54,34,0,12,0,12,0,12,0,12,0,12,0,12,4,6,0,12,4,6,0,12,0,12,0,12
1400000US06001982000,06001982000,"Census Tract 9820, Alameda County, California",66,32,55,30,11,15,59,31,52,31,7,10,3,5,3,5,0,12,4,5,0,12,4,5,0,12,0,12,0,12,0,12,0,12,0,12
1400000US06001983200,06001983200,"Census Tract 9832, Alameda County, California",527,60,497,67,30,27,408,57,395,59,13,14,83,52,79,51,4,6,32,27,19,19,13,19,4,5,4,5,0,12,0,12,0,12,0,12
1400000US06001990000,06001990000,"Census Tract 9900, Alameda County, California",0,12,0,12,0,12,0,12,0,12,0,12,0,12,0,12,0,12,0,12,0,12,0,12,0,12,0,12,0,12,0,12,0,12,0,12
